ID	Description	setSize	enrichmentScore	NES	pvalue	p.adjust	qvalue	rank	leading_edge	core_enrichment
syp03010	Ribosome	53	0.7297098896015815	2.7695734323848105	3.2189124784136836e-13	2.6073191075150836e-11	1.96523077629467e-11	584	tags=62%, list=18%, signal=52%	SYNPCC7002_A1027/SYNPCC7002_A1052/SYNPCC7002_A1026/SYNPCC7002_A1053/SYNPCC7002_A1959/SYNPCC7002_A1051/SYNPCC7002_A1050/SYNPCC7002_A1054/SYNPCC7002_A1055/SYNPCC7002_A1028/SYNPCC7002_A1059/SYNPCC7002_A1057/SYNPCC7002_A1060/SYNPCC7002_A1048/SYNPCC7002_A1056/SYNPCC7002_A1061/SYNPCC7002_A1049/SYNPCC7002_A1058/SYNPCC7002_A1062/SYNPCC7002_A1064/SYNPCC7002_A1065/SYNPCC7002_A1063/SYNPCC7002_A1029/SYNPCC7002_A2060/SYNPCC7002_A1038/SYNPCC7002_A1041/SYNPCC7002_A1039/SYNPCC7002_A1037/SYNPCC7002_A2063/SYNPCC7002_A0955/SYNPCC7002_A1033/SYNPCC7002_A1044/SYNPCC7002_A1043
syp00920	Sulfur metabolism	15	0.7675513038950359	2.164792443556677	6.570711516571227e-5	0.0026611381642113467	0.002005796147163848	482	tags=60%, list=15%, signal=51%	SYNPCC7002_A0795/SYNPCC7002_A0797/SYNPCC7002_A0798/SYNPCC7002_A1494/SYNPCC7002_A0799/SYNPCC7002_A1344/SYNPCC7002_A0034/SYNPCC7002_A0907/SYNPCC7002_A1646
syp00190	Oxidative phosphorylation	53	-0.5593003395828703	-1.8952085035007524	4.2406089473306555e-4	0.01144964415779277	0.008630011191058877	418	tags=45%, list=13%, signal=40%	SYNPCC7002_A0195/SYNPCC7002_A2750/SYNPCC7002_A2749/SYNPCC7002_A0560/SYNPCC7002_A2748/SYNPCC7002_A0835/SYNPCC7002_A0923/SYNPCC7002_A0924/SYNPCC7002_A1094/SYNPCC7002_A2000/SYNPCC7002_A2547/SYNPCC7002_G0151/SYNPCC7002_G0144/SYNPCC7002_A0926/SYNPCC7002_G0150/SYNPCC7002_A0925/SYNPCC7002_G0152/SYNPCC7002_G0149/SYNPCC7002_A2541/SYNPCC7002_G0148/SYNPCC7002_G0145/SYNPCC7002_A1143/SYNPCC7002_A0173/SYNPCC7002_A0172
syp00790	Folate biosynthesis	21	0.6323580788752199	1.957133798384764	0.0011022322586246962	0.0223202032371501	0.01682354500006115	616	tags=52%, list=19%, signal=43%	SYNPCC7002_A1294/SYNPCC7002_A0307/SYNPCC7002_A2444/SYNPCC7002_A0306/SYNPCC7002_A0427/SYNPCC7002_A0457/SYNPCC7002_A0380/SYNPCC7002_A2855/SYNPCC7002_A0280/SYNPCC7002_A0771/SYNPCC7002_A0281
