ID	Description	setSize	enrichmentScore	NES	pvalue	p.adjust	qvalue	rank	leading_edge	core_enrichment
syp00195	Photosynthesis	66	-0.6467883598991765	-2.317098818850564	4.255422488762103e-8	3.4468922158973033e-6	3.2251623072723302e-06	432	tags=48%, list=14%, signal=43%	SYNPCC7002_A0841/SYNPCC7002_A0808/SYNPCC7002_A0842/SYNPCC7002_A0135/SYNPCC7002_A2325/SYNPCC7002_G0144/SYNPCC7002_G0151/SYNPCC7002_A0269/SYNPCC7002_A2779/SYNPCC7002_A0112/SYNPCC7002_A1559/SYNPCC7002_A1418/SYNPCC7002_G0150/SYNPCC7002_A1834/SYNPCC7002_A1560/SYNPCC7002_G0149/SYNPCC7002_G0152/SYNPCC7002_A2199/SYNPCC7002_A1759/SYNPCC7002_A0682/SYNPCC7002_A2620/SYNPCC7002_A1393/SYNPCC7002_G0148/SYNPCC7002_A2326/SYNPCC7002_A2621/SYNPCC7002_A1589/SYNPCC7002_A2401/SYNPCC7002_A1009/SYNPCC7002_A1961/SYNPCC7002_A1008/SYNPCC7002_A1962/SYNPCC7002_G0145
syp00190	Oxidative phosphorylation	53	-0.6232495350799967	-2.1553869390042064	4.749963565563959e-6	1.9237352440534033e-4	1.7999861932663423e-4	459	tags=42%, list=15%, signal=36%	SYNPCC7002_A0835/SYNPCC7002_A2749/SYNPCC7002_A2748/SYNPCC7002_A0560/SYNPCC7002_G0144/SYNPCC7002_A1094/SYNPCC7002_G0151/SYNPCC7002_A2547/SYNPCC7002_A0924/SYNPCC7002_G0150/SYNPCC7002_A0923/SYNPCC7002_G0149/SYNPCC7002_G0152/SYNPCC7002_A0925/SYNPCC7002_G0148/SYNPCC7002_A0926/SYNPCC7002_A2541/SYNPCC7002_A2000/SYNPCC7002_G0145/SYNPCC7002_A1143/SYNPCC7002_A0173/SYNPCC7002_A0172
syp00196	Photosynthesis - antenna proteins	14	-0.8323345121332156	-2.079614467315213	3.286875514027221e-5	8.874563887873497e-4	8.3036855091214e-4	480	tags=93%, list=15%, signal=79%	SYNPCC7002_A1631/SYNPCC7002_A2140/SYNPCC7002_A1928/SYNPCC7002_A2009/SYNPCC7002_A2213/SYNPCC7002_A0811/SYNPCC7002_A1929/SYNPCC7002_A1930/SYNPCC7002_A2210/SYNPCC7002_A2212/SYNPCC7002_A2209/SYNPCC7002_A2211/SYNPCC7002_A0639
syp00860	Porphyrin metabolism	41	-0.5650457072464767	-1.8650685541253282	6.573916923554525e-4	0.013312181770197913	0.012455842591998048	748	tags=56%, list=24%, signal=43%	SYNPCC7002_A2508/SYNPCC7002_A1302/SYNPCC7002_A0823/SYNPCC7002_A2664/SYNPCC7002_A1192/SYNPCC7002_A1650/SYNPCC7002_A2663/SYNPCC7002_A0528/SYNPCC7002_A1990/SYNPCC7002_A1828/SYNPCC7002_A2345/SYNPCC7002_A1753/SYNPCC7002_A1018/SYNPCC7002_A1991/SYNPCC7002_A0707/SYNPCC7002_G0127/SYNPCC7002_A0644/SYNPCC7002_A2228/SYNPCC7002_A1992/SYNPCC7002_A1652/SYNPCC7002_A2476/SYNPCC7002_A0210/SYNPCC7002_A2347
