Type	Annotated	DE	%
protein-coding	3187	2935	92.09287731408848
tRNA	45	17	37.77777777777778
CRS	17	0	0
rRNA	6	0	0
5' ureB sRNA*	1	0	0
6S RNA	1	1	100
CRISPR-DR33*	1	0	0
Cyano-1*	1	0	0
PsrR1*	1	1	100
RNase P	1	1	100
SRP sRNA	1	1	100
tmRNA	1	1	100
