Type	Annotated	DE	%
protein-coding	3187	2848	89.36303733919047
tRNA	45	12	26.666666666666668
CRS	17	2	11.76470588235294
rRNA	6	0	0
5' ureB sRNA*	1	0	0
6S RNA	1	1	100
CRISPR-DR33*	1	0	0
Cyano-1*	1	0	0
PsrR1*	1	1	100
RNase P	1	1	100
SRP sRNA	1	1	100
tmRNA	1	1	100
