signal	genes.total	diff.expressed	ratio
No SP	2935	2622	0.8933560477001704
Sec/SPI	166	151	0.9096385542168675
Sec/SPII	67	57	0.8507462686567164
Sec/SPIII	4	4	1
Tat/SPI	9	9	1
Tat/SPII	5	4	0.8
