signal	KEGG	Pathway	GeneRatio	BgRatio	Pvalue	FDR	genes	path.size	genes.with.signal.in.path	genes.with.signal	prop.all.genes.in.pathway	expected.genes	enrichment
Sec/SPI	syp00195	Photosynthesis	5/10	66/970	2.4269618622071935e-4	9.707847448828774e-4	SYNPCC7002_A0112/SYNPCC7002_A0167/SYNPCC7002_A1008/SYNPCC7002_A1910/SYNPCC7002_A2391	66	5	10	0.06804123711340206	0.6804123711340205	7.3484848484848495
Sec/SPII	syp02010	ABC transporters	10/16	76/970	2.674434242107648e-8	1.337217121053824e-7	SYNPCC7002_A0336/SYNPCC7002_A0500/SYNPCC7002_A0795/SYNPCC7002_A1837/SYNPCC7002_A2038/SYNPCC7002_A2201/SYNPCC7002_A2284/SYNPCC7002_A2501/SYNPCC7002_A2507/SYNPCC7002_G0143	76	10	16	0.07835051546391752	1.2536082474226804	7.9769736842105265
Sec/SPII	syp02024	Quorum sensing	4/16	35/970	0.0019034798682460127	0.004758699670615031	SYNPCC7002_A0393/SYNPCC7002_A0445/SYNPCC7002_A1837/SYNPCC7002_A2019	35	4	16	0.03608247422680412	0.5773195876288659	6.928571428571429
Tat/SPI	syp00195	Photosynthesis	2/3	66/970	0.013088982448402835	0.039266947345208504	SYNPCC7002_A1909/SYNPCC7002_G0076	66	2	3	0.06804123711340206	0.20412371134020618	9.797979797979798
Tat/SPI	syp00906	Carotenoid biosynthesis	1/3	10/970	0.03064137095491437	0.045962056432371556	SYNPCC7002_A1248	10	1	3	0.010309278350515464	0.030927835051546393	32.33333333333333
