signal	KEGG	Pathway	GeneRatio	BgRatio	Pvalue	FDR	genes	path.size	genes.with.signal.in.path	genes.with.signal	prop.all.genes.in.pathway	expected.genes	enrichment
Sec/SPI	syp00195	Photosynthesis	5/10	66/973	2.3917541769621643e-4	9.567016707848657e-4	SYNPCC7002_A0112/SYNPCC7002_A0167/SYNPCC7002_A1008/SYNPCC7002_A1910/SYNPCC7002_A2391	66	5	10	0.06783144912641316	0.6783144912641316	7.371212121212121
Sec/SPII	syp02010	ABC transporters	10/16	76/973	2.5959747334898412e-8	1.2979873667449205e-7	SYNPCC7002_A0336/SYNPCC7002_A0500/SYNPCC7002_A0795/SYNPCC7002_A1837/SYNPCC7002_A2038/SYNPCC7002_A2201/SYNPCC7002_A2284/SYNPCC7002_A2501/SYNPCC7002_A2507/SYNPCC7002_G0143	76	10	16	0.07810894141829394	1.249743062692703	8.001644736842104
Sec/SPII	syp02024	Quorum sensing	4/16	35/973	0.0018819116716046317	0.004704779179011579	SYNPCC7002_A0393/SYNPCC7002_A0445/SYNPCC7002_A1837/SYNPCC7002_A2019	35	4	16	0.03597122302158273	0.5755395683453237	6.95
Tat/SPI	syp00195	Photosynthesis	2/3	66/973	0.013010205505025315	0.039030616515075944	SYNPCC7002_A1909/SYNPCC7002_G0076	66	2	3	0.06783144912641316	0.2034943473792395	9.828282828282827
Tat/SPI	syp00906	Carotenoid biosynthesis	1/3	10/973	0.030547775011318667	0.045821662516978	SYNPCC7002_A1248	10	1	3	0.010277492291880781	0.03083247687564234	32.43333333333334
